order_id,product_id,quantity,price_per_unit,total
1,10,1,230.99,230.99
2,6,1,22.88,22.88
3,13,1,915.50,915.50
4,2,1,99.99,99.99
5,9,1,42.99,42.99
6,1,1,2.25,2.25
7,6,1,22.88,22.88
8,6,2,22.88,45.76
9,1,1,2.25,2.25
10,12,1,75.55,75.55
11,9,1,42.99,42.99
12,5,1,46.77,46.77
13,4,1,480.35,480.35
14,10,1,230.99,230.99
15,9,1,42.99,42.99
16,6,1,22.88,22.88
17,11,1,87.50,87.50
18,5,2,46.77,93.54
19,5,1,46.77,46.77
20,9,1,42.99,42.99
21,9,1,42.99,42.99
22,8,1,112.40,112.40
23,1,1,2.25,2.25
24,6,1,22.88,22.88
25,9,2,42.99,85.98
25,3,1,735.60,735.60
25,1,1,2.25,2.25
26,9,1,42.99,42.99
27,11,1,87.50,87.50
28,5,1,46.77,46.77
29,8,1,112.40,112.40
30,3,2,735.60,1471.20
31,3,1,735.60,735.60
32,1,1,2.25,2.25
33,7,1,841.35,841.35
34,4,1,480.35,480.35
35,2,1,99.99,99.99
36,13,1,915.50,915.50
37,5,2,46.77,93.54
38,4,1,480.35,480.35
38,8,1,112.40,112.40
39,3,1,735.60,735.60
40,12,1,75.55,75.55
41,10,1,230.99,230.99
42,8,1,112.40,112.40
43,7,2,841.35,1682.70
44,4,1,480.35,480.35
45,2,1,99.99,99.99
46,3,1,735.60,735.60
47,4,1,480.35,480.35
48,6,1,22.88,22.88
49,12,1,75.55,75.55
50,12,1,75.55,75.55
51,12,1,75.55,75.55
52,13,1,915.50,915.50
53,11,1,87.50,87.50
54,8,1,112.40,112.40
55,3,1,735.60,735.60
56,2,1,99.99,99.99
57,4,1,480.35,480.35
58,8,1,112.40,112.40
59,9,1,42.99,42.99
60,10,1,230.99,230.99
61,11,1,87.50,87.50
62,6,1,22.88,22.88
63,1,1,2.25,2.25
64,3,1,735.60,735.60
65,7,1,841.35,841.35
66,8,1,112.40,112.40
67,10,1,230.99,230.99
68,4,1,480.35,480.35
69,12,1,75.55,75.55
70,6,1,22.88,22.88
71,3,1,735.60,735.60
72,1,1,2.25,2.25
73,11,1,87.50,87.50
74,7,1,841.35,841.35
75,1,1,2.25,2.25
76,2,1,99.99,99.99
77,11,1,87.50,87.50
78,12,1,75.55,75.55
79,5,2,46.77,93.54
79,9,1,42.99,42.99
80,5,1,46.77,46.77
81,12,1,75.55,75.55
82,12,1,75.55,75.55
83,1,1,2.25,2.25
84,7,1,841.35,841.35
85,4,1,480.35,480.35
86,12,1,75.55,75.55
87,11,1,87.50,87.50
88,7,1,841.35,841.35
89,13,1,915.50,915.50
90,1,2,2.25,4.50
91,13,1,915.50,915.50
91,11,1,87.50,87.50
92,8,1,112.40,112.40
93,7,1,841.35,841.35
94,3,1,735.60,735.60
95,6,1,22.88,22.88
96,10,1,230.99,230.99
97,12,2,75.55,151.10
98,8,1,112.40,112.40
99,6,1,22.88,22.88
100,8,1,112.40,112.40
101,4,1,480.35,480.35
102,9,1,42.99,42.99
103,9,1,42.99,42.99
104,5,1,46.77,46.77
105,10,1,230.99,230.99
106,10,1,230.99,230.99
107,6,1,22.88,22.88
108,9,1,42.99,42.99
109,10,2,230.99,461.98
110,1,1,2.25,2.25
111,11,1,87.50,87.50
112,2,1,99.99,99.99
113,6,1,22.88,22.88
114,6,1,22.88,22.88
115,5,1,46.77,46.77
116,9,1,42.99,42.99
117,3,1,735.60,735.60
118,3,1,735.60,735.60
119,10,1,230.99,230.99
120,6,1,22.88,22.88
121,5,1,46.77,46.77
121,7,1,841.35,841.35
122,5,1,46.77,46.77
123,5,1,46.77,46.77
124,11,1,87.50,87.50
125,7,1,841.35,841.35
126,10,1,230.99,230.99
126,1,2,2.25,4.50
127,11,1,87.50,87.50
127,8,1,112.40,112.40
128,9,1,42.99,42.99
129,2,1,99.99,99.99
130,6,1,22.88,22.88
131,6,1,22.88,22.88
132,9,2,42.99,85.98
133,5,1,46.77,46.77
134,9,1,42.99,42.99
135,6,1,22.88,22.88
136,1,1,2.25,2.25
137,4,1,480.35,480.35
138,5,1,46.77,46.77
139,5,1,46.77,46.77
140,6,2,22.88,45.76
141,5,1,46.77,46.77
142,11,1,87.50,87.50
142,4,1,480.35,480.35
143,13,1,915.50,915.50
144,13,1,915.50,915.50
145,10,1,230.99,230.99
146,13,1,915.50,915.50
147,1,2,2.25,4.50
148,1,1,2.25,2.25
149,2,1,99.99,99.99
150,11,1,87.50,87.50
151,2,1,99.99,99.99
152,8,2,112.40,224.80
153,12,1,75.55,75.55
154,1,1,2.25,2.25
155,12,1,75.55,75.55
156,5,1,46.77,46.77
156,8,1,112.40,112.40
157,1,2,2.25,4.50
158,9,1,42.99,42.99
159,13,1,915.50,915.50
160,9,1,42.99,42.99
161,10,2,230.99,461.98
162,13,1,915.50,915.50
163,6,1,22.88,22.88
164,9,1,42.99,42.99
165,10,1,230.99,230.99
165,7,1,841.35,841.35
166,7,1,841.35,841.35
167,6,1,22.88,22.88
168,2,1,99.99,99.99
168,7,1,841.35,841.35
169,8,1,112.40,112.40
170,2,1,99.99,99.99
171,10,2,230.99,461.98
172,5,1,46.77,46.77
173,4,1,480.35,480.35
174,4,1,480.35,480.35
175,7,1,841.35,841.35
175,7,1,841.35,841.35
176,5,1,46.77,46.77
177,12,2,75.55,151.10
178,11,1,87.50,87.50
179,4,1,480.35,480.35
180,12,1,75.55,75.55
181,8,1,112.40,112.40
182,6,1,22.88,22.88
183,8,1,112.40,112.40
183,4,2,480.35,960.70
184,1,1,2.25,2.25
185,12,1,75.55,75.55
186,13,1,915.50,915.50
187,9,1,42.99,42.99
188,12,1,75.55,75.55
188,9,1,42.99,42.99
189,2,2,99.99,199.98
189,7,1,841.35,841.35
190,7,1,841.35,841.35
191,2,1,99.99,99.99
191,1,1,2.25,2.25
192,13,1,915.50,915.50
193,3,1,735.60,735.60
194,13,1,915.50,915.50
195,9,1,42.99,42.99
196,10,1,230.99,230.99
197,10,1,230.99,230.99
198,12,1,75.55,75.55
199,6,1,22.88,22.88
200,2,1,99.99,99.99
201,11,1,87.50,87.50
202,5,1,46.77,46.77
203,4,1,480.35,480.35
204,10,1,230.99,230.99
205,4,1,480.35,480.35
206,12,3,75.55,226.65
207,5,1,46.77,46.77
208,5,2,46.77,93.54
209,8,1,112.40,112.40
210,12,1,75.55,75.55
211,2,1,99.99,99.99
211,5,1,46.77,46.77
212,8,1,112.40,112.40
213,5,1,46.77,46.77
214,12,1,75.55,75.55
215,12,1,75.55,75.55
216,6,1,22.88,22.88
217,13,1,915.50,915.50
218,6,1,22.88,22.88
219,10,1,230.99,230.99
220,10,1,230.99,230.99
220,12,1,75.55,75.55
221,4,1,480.35,480.35
222,1,1,2.25,2.25
222,6,1,22.88,22.88
223,6,1,22.88,22.88
224,8,1,112.40,112.40
225,1,1,2.25,2.25
226,9,2,42.99,85.98
227,8,1,112.40,112.40
228,5,1,46.77,46.77
229,11,1,87.50,87.50
230,4,1,480.35,480.35
231,9,1,42.99,42.99
232,6,1,22.88,22.88
233,9,1,42.99,42.99
234,3,1,735.60,735.60
235,12,1,75.55,75.55
235,9,2,42.99,85.98
236,12,1,75.55,75.55
237,5,2,46.77,93.54
237,3,1,735.60,735.60
238,9,1,42.99,42.99
238,6,1,22.88,22.88
239,12,1,75.55,75.55
240,4,1,480.35,480.35
240,7,1,841.35,841.35
241,2,1,99.99,99.99
242,6,1,22.88,22.88
242,3,1,735.60,735.60
243,5,1,46.77,46.77
244,4,1,480.35,480.35
244,13,1,915.50,915.50
245,4,1,480.35,480.35
246,9,1,42.99,42.99
247,5,1,46.77,46.77
248,12,1,75.55,75.55
249,6,1,22.88,22.88
250,13,1,915.50,915.50
251,9,1,42.99,42.99
252,6,2,22.88,45.76
253,10,1,230.99,230.99
254,3,1,735.60,735.60
255,1,1,2.25,2.25
256,11,1,87.50,87.50
257,1,1,2.25,2.25
258,9,1,42.99,42.99
259,5,1,46.77,46.77
260,9,3,42.99,128.97
261,13,1,915.50,915.50
262,6,1,22.88,22.88
262,2,1,99.99,99.99
263,9,1,42.99,42.99
264,8,1,112.40,112.40
265,6,1,22.88,22.88
266,13,1,915.50,915.50
267,1,2,2.25,4.50
268,1,1,2.25,2.25
269,2,1,99.99,99.99
270,4,1,480.35,480.35
271,10,1,230.99,230.99
272,4,1,480.35,480.35
273,8,2,112.40,224.80
274,2,1,99.99,99.99
275,6,1,22.88,22.88
276,5,1,46.77,46.77
277,5,1,46.77,46.77
278,12,1,75.55,75.55
279,13,1,915.50,915.50
280,7,1,841.35,841.35
281,4,1,480.35,480.35
282,5,1,46.77,46.77
283,13,2,915.50,1831.00
284,10,1,230.99,230.99
285,2,1,99.99,99.99
286,11,1,87.50,87.50
287,3,2,735.60,1471.20
288,2,1,99.99,99.99
289,10,2,230.99,461.98
290,3,1,735.60,735.60
290,5,1,46.77,46.77
291,7,1,841.35,841.35
292,9,1,42.99,42.99
293,1,2,2.25,4.50
294,3,1,735.60,735.60
295,5,1,46.77,46.77
296,10,1,230.99,230.99
297,7,1,841.35,841.35
298,9,1,42.99,42.99
299,7,1,841.35,841.35
300,6,1,22.88,22.88
301,12,1,75.55,75.55
302,1,1,2.25,2.25
303,2,1,99.99,99.99
303,10,1,230.99,230.99
303,3,1,735.60,735.60
304,10,1,230.99,230.99
304,4,2,480.35,960.70
304,8,1,112.40,112.40
305,9,1,42.99,42.99
306,12,2,75.55,151.10
307,2,2,99.99,199.98
308,10,1,230.99,230.99
309,5,1,46.77,46.77
310,3,1,735.60,735.60
311,12,2,75.55,151.10
312,11,1,87.50,87.50
313,2,1,99.99,99.99
314,10,2,230.99,461.98
315,2,1,99.99,99.99
316,10,1,230.99,230.99
317,3,1,735.60,735.60
317,8,1,112.40,112.40
318,6,1,22.88,22.88
319,13,1,915.50,915.50
320,11,1,87.50,87.50
321,7,1,841.35,841.35
322,3,1,735.60,735.60
323,1,1,2.25,2.25
324,12,1,75.55,75.55
325,8,1,112.40,112.40
326,12,2,75.55,151.10
327,10,1,230.99,230.99
328,2,1,99.99,99.99
329,5,2,46.77,93.54
330,3,1,735.60,735.60
331,3,1,735.60,735.60
332,9,1,42.99,42.99
333,4,1,480.35,480.35
334,5,1,46.77,46.77
335,4,1,480.35,480.35
336,13,1,915.50,915.50
337,5,1,46.77,46.77
338,4,1,480.35,480.35
338,9,1,42.99,42.99
339,10,1,230.99,230.99
340,2,1,99.99,99.99
341,13,1,915.50,915.50
342,11,1,87.50,87.50
343,12,2,75.55,151.10
344,12,1,75.55,75.55
345,4,1,480.35,480.35
346,8,2,112.40,224.80
347,1,1,2.25,2.25
348,4,1,480.35,480.35
349,2,1,99.99,99.99
350,1,1,2.25,2.25
351,12,1,75.55,75.55
352,11,2,87.50,175.00
353,13,1,915.50,915.50
354,3,1,735.60,735.60
355,3,1,735.60,735.60
356,12,1,75.55,75.55
357,1,1,2.25,2.25
358,8,1,112.40,112.40
359,13,1,915.50,915.50
360,4,1,480.35,480.35
361,2,1,99.99,99.99
362,13,2,915.50,1831.00
363,6,1,22.88,22.88
364,10,1,230.99,230.99
365,11,1,87.50,87.50
366,13,1,915.50,915.50
367,9,1,42.99,42.99
368,13,1,915.50,915.50
369,5,1,46.77,46.77
370,5,1,46.77,46.77
371,10,1,230.99,230.99
372,11,1,87.50,87.50
373,10,1,230.99,230.99
374,4,1,480.35,480.35
375,9,1,42.99,42.99
376,10,1,230.99,230.99
377,10,1,230.99,230.99
378,7,1,841.35,841.35
379,8,1,112.40,112.40
380,12,1,75.55,75.55
381,1,1,2.25,2.25
382,2,1,99.99,99.99
383,1,1,2.25,2.25
384,4,1,480.35,480.35
385,8,1,112.40,112.40
385,4,2,480.35,960.70
386,11,2,87.50,175.00
387,6,1,22.88,22.88
388,4,1,480.35,480.35
389,12,1,75.55,75.55
390,1,1,2.25,2.25
390,2,1,99.99,99.99
391,13,1,915.50,915.50
392,11,1,87.50,87.50
393,2,1,99.99,99.99
394,12,2,75.55,151.10
395,12,2,75.55,151.10
396,5,1,46.77,46.77
397,8,1,112.40,112.40
398,11,1,87.50,87.50
399,10,1,230.99,230.99
400,10,2,230.99,461.98
401,1,1,2.25,2.25
402,7,1,841.35,841.35
403,6,1,22.88,22.88
404,10,1,230.99,230.99
405,1,1,2.25,2.25
406,13,1,915.50,915.50
406,5,1,46.77,46.77
406,6,1,22.88,22.88
407,5,1,46.77,46.77
408,10,1,230.99,230.99
409,10,1,230.99,230.99
410,6,1,22.88,22.88
411,1,1,2.25,2.25
412,6,1,22.88,22.88
413,12,1,75.55,75.55
414,10,1,230.99,230.99
415,2,1,99.99,99.99
416,9,1,42.99,42.99
417,2,1,99.99,99.99
418,11,1,87.50,87.50
419,5,1,46.77,46.77
420,11,1,87.50,87.50
421,8,2,112.40,224.80
422,4,1,480.35,480.35
423,11,1,87.50,87.50
424,1,1,2.25,2.25
425,1,1,2.25,2.25
426,6,1,22.88,22.88
427,10,1,230.99,230.99
428,7,1,841.35,841.35
429,6,1,22.88,22.88
430,12,1,75.55,75.55
431,4,1,480.35,480.35
432,13,1,915.50,915.50
433,6,1,22.88,22.88
434,1,1,2.25,2.25
435,4,1,480.35,480.35
436,1,1,2.25,2.25
437,12,2,75.55,151.10
438,9,1,42.99,42.99
439,3,1,735.60,735.60
440,9,1,42.99,42.99
441,13,1,915.50,915.50
442,1,1,2.25,2.25
443,13,1,915.50,915.50
444,9,1,42.99,42.99
445,3,2,735.60,1471.20
446,13,1,915.50,915.50
446,2,1,99.99,99.99
447,4,1,480.35,480.35
447,11,1,87.50,87.50
448,9,1,42.99,42.99
449,10,1,230.99,230.99
450,10,1,230.99,230.99
451,2,1,99.99,99.99
452,5,1,46.77,46.77
453,4,1,480.35,480.35
454,10,1,230.99,230.99
455,2,1,99.99,99.99
455,3,1,735.60,735.60
456,4,1,480.35,480.35
457,8,1,112.40,112.40
458,2,1,99.99,99.99
459,9,1,42.99,42.99
460,10,1,230.99,230.99
461,3,1,735.60,735.60
462,6,1,22.88,22.88
463,3,1,735.60,735.60
464,11,1,87.50,87.50
465,8,1,112.40,112.40
466,7,1,841.35,841.35
467,5,1,46.77,46.77
467,7,1,841.35,841.35
468,10,1,230.99,230.99
468,6,1,22.88,22.88
469,10,1,230.99,230.99
470,6,1,22.88,22.88
471,13,2,915.50,1831.00
472,5,1,46.77,46.77
473,7,1,841.35,841.35
474,8,1,112.40,112.40
475,3,1,735.60,735.60
476,3,1,735.60,735.60
477,9,1,42.99,42.99
478,7,1,841.35,841.35
479,6,1,22.88,22.88
480,1,1,2.25,2.25
481,12,1,75.55,75.55
482,7,1,841.35,841.35
483,6,2,22.88,45.76
484,5,1,46.77,46.77
485,5,1,46.77,46.77
486,13,1,915.50,915.50
487,4,1,480.35,480.35
488,8,1,112.40,112.40
489,1,1,2.25,2.25
490,5,1,46.77,46.77
491,1,1,2.25,2.25
491,9,1,42.99,42.99
492,1,1,2.25,2.25
493,11,1,87.50,87.50
494,7,1,841.35,841.35
495,13,1,915.50,915.50
496,8,1,112.40,112.40
497,6,2,22.88,45.76
498,8,1,112.40,112.40
499,5,1,46.77,46.77
500,1,1,2.25,2.25
501,6,3,22.88,68.64
502,5,1,46.77,46.77
503,4,1,480.35,480.35
504,4,1,480.35,480.35
504,10,1,230.99,230.99
505,1,1,2.25,2.25
506,12,1,75.55,75.55
507,5,2,46.77,93.54
508,2,1,99.99,99.99
508,10,1,230.99,230.99
509,2,2,99.99,199.98
510,1,1,2.25,2.25
511,7,1,841.35,841.35
512,7,1,841.35,841.35
513,11,1,87.50,87.50
514,12,1,75.55,75.55
514,4,1,480.35,480.35
515,10,1,230.99,230.99
515,5,1,46.77,46.77
516,11,1,87.50,87.50
517,5,1,46.77,46.77
518,5,1,46.77,46.77
519,2,1,99.99,99.99
520,10,3,230.99,692.97
521,3,2,735.60,1471.20
522,7,1,841.35,841.35
523,5,1,46.77,46.77
524,6,1,22.88,22.88
525,9,1,42.99,42.99
526,13,1,915.50,915.50
526,2,1,99.99,99.99
527,10,1,230.99,230.99
528,7,1,841.35,841.35
529,5,1,46.77,46.77
530,13,1,915.50,915.50
531,12,1,75.55,75.55
532,9,1,42.99,42.99
533,2,1,99.99,99.99
534,2,1,99.99,99.99
535,6,1,22.88,22.88
536,2,1,99.99,99.99
537,3,1,735.60,735.60
537,11,1,87.50,87.50
537,13,1,915.50,915.50
538,11,1,87.50,87.50
539,4,1,480.35,480.35
540,11,1,87.50,87.50
541,4,1,480.35,480.35
542,3,1,735.60,735.60
543,12,1,75.55,75.55
544,6,2,22.88,45.76
545,9,1,42.99,42.99
546,13,2,915.50,1831.00
547,12,1,75.55,75.55
548,9,1,42.99,42.99
548,5,2,46.77,93.54
549,5,1,46.77,46.77
550,11,1,87.50,87.50
551,3,1,735.60,735.60
552,12,1,75.55,75.55
553,8,1,112.40,112.40
554,7,1,841.35,841.35
555,5,1,46.77,46.77
556,9,1,42.99,42.99
557,10,1,230.99,230.99
558,12,1,75.55,75.55
559,11,1,87.50,87.50
560,1,1,2.25,2.25
561,4,1,480.35,480.35
562,8,1,112.40,112.40
562,3,1,735.60,735.60
563,4,1,480.35,480.35
564,10,1,230.99,230.99
565,5,1,46.77,46.77
566,10,1,230.99,230.99
567,2,1,99.99,99.99
568,12,1,75.55,75.55
569,9,1,42.99,42.99
570,13,1,915.50,915.50
571,10,1,230.99,230.99
572,7,1,841.35,841.35
573,4,1,480.35,480.35
574,8,1,112.40,112.40
575,5,1,46.77,46.77
576,8,1,112.40,112.40
577,10,1,230.99,230.99
578,2,1,99.99,99.99
578,2,1,99.99,99.99
578,6,1,22.88,22.88
579,10,1,230.99,230.99
580,1,1,2.25,2.25
581,3,1,735.60,735.60
582,13,2,915.50,1831.00
583,8,2,112.40,224.80
584,7,1,841.35,841.35
585,2,1,99.99,99.99
586,1,1,2.25,2.25
587,4,1,480.35,480.35
587,8,1,112.40,112.40
588,6,1,22.88,22.88
589,6,1,22.88,22.88
590,5,1,46.77,46.77
591,8,1,112.40,112.40
592,6,1,22.88,22.88
593,8,1,112.40,112.40
594,12,1,75.55,75.55
594,11,2,87.50,175.00
595,4,1,480.35,480.35
596,5,1,46.77,46.77
597,4,1,480.35,480.35
598,1,1,2.25,2.25
599,8,1,112.40,112.40
600,5,1,46.77,46.77
601,12,1,75.55,75.55
602,7,1,841.35,841.35
603,12,1,75.55,75.55
604,13,1,915.50,915.50
605,13,1,915.50,915.50
606,8,1,112.40,112.40
607,1,1,2.25,2.25
608,3,1,735.60,735.60
609,12,1,75.55,75.55
610,10,1,230.99,230.99
611,6,1,22.88,22.88
612,12,1,75.55,75.55
613,7,1,841.35,841.35
613,1,1,2.25,2.25
614,6,1,22.88,22.88
615,1,1,2.25,2.25
616,10,2,230.99,461.98
616,8,1,112.40,112.40
617,11,2,87.50,175.00
618,8,1,112.40,112.40
619,11,1,87.50,87.50
620,3,1,735.60,735.60
621,1,2,2.25,4.50
622,1,1,2.25,2.25
623,2,1,99.99,99.99
624,9,1,42.99,42.99
625,9,1,42.99,42.99
626,5,1,46.77,46.77
627,8,1,112.40,112.40
628,11,1,87.50,87.50
628,7,1,841.35,841.35
629,8,1,112.40,112.40
630,3,1,735.60,735.60
631,7,2,841.35,1682.70
632,5,1,46.77,46.77
633,2,1,99.99,99.99
634,9,1,42.99,42.99
635,12,1,75.55,75.55
636,12,1,75.55,75.55
637,11,1,87.50,87.50
638,4,1,480.35,480.35
639,6,1,22.88,22.88
640,6,2,22.88,45.76
640,1,1,2.25,2.25
641,13,2,915.50,1831.00
642,10,1,230.99,230.99
643,2,1,99.99,99.99
643,1,1,2.25,2.25
644,10,1,230.99,230.99
644,10,1,230.99,230.99
645,10,3,230.99,692.97
646,7,1,841.35,841.35
647,1,1,2.25,2.25
648,6,1,22.88,22.88
649,10,1,230.99,230.99
650,2,1,99.99,99.99
651,8,1,112.40,112.40
652,7,1,841.35,841.35
653,4,1,480.35,480.35
654,13,1,915.50,915.50
655,4,1,480.35,480.35
656,2,1,99.99,99.99
657,1,1,2.25,2.25
657,11,1,87.50,87.50
658,11,1,87.50,87.50
659,8,1,112.40,112.40
660,2,1,99.99,99.99
661,7,1,841.35,841.35
662,5,1,46.77,46.77
663,1,1,2.25,2.25
663,9,1,42.99,42.99
664,12,1,75.55,75.55
665,7,1,841.35,841.35
666,3,2,735.60,1471.20
667,1,1,2.25,2.25
668,4,1,480.35,480.35
669,2,1,99.99,99.99
670,11,1,87.50,87.50
670,5,1,46.77,46.77
671,6,1,22.88,22.88
672,8,1,112.40,112.40
673,7,1,841.35,841.35
674,2,1,99.99,99.99
675,12,1,75.55,75.55
676,2,1,99.99,99.99
677,2,2,99.99,199.98
678,11,1,87.50,87.50
679,9,1,42.99,42.99
680,11,1,87.50,87.50
681,1,1,2.25,2.25
682,10,1,230.99,230.99
683,2,1,99.99,99.99
684,7,1,841.35,841.35
685,8,1,112.40,112.40
686,5,1,46.77,46.77
687,5,1,46.77,46.77
688,2,1,99.99,99.99
689,2,1,99.99,99.99
690,13,2,915.50,1831.00
691,12,1,75.55,75.55
692,6,1,22.88,22.88
693,7,2,841.35,1682.70
693,13,2,915.50,1831.00
694,13,1,915.50,915.50
695,13,1,915.50,915.50
696,9,1,42.99,42.99
697,11,1,87.50,87.50
698,1,1,2.25,2.25
699,12,1,75.55,75.55
700,4,1,480.35,480.35
701,8,2,112.40,224.80
702,3,1,735.60,735.60
703,5,2,46.77,93.54
703,7,1,841.35,841.35
704,7,1,841.35,841.35
704,11,1,87.50,87.50
705,11,1,87.50,87.50
706,6,1,22.88,22.88
707,11,2,87.50,175.00
708,1,1,2.25,2.25
709,1,1,2.25,2.25
709,7,1,841.35,841.35
710,12,1,75.55,75.55
711,3,1,735.60,735.60
712,9,1,42.99,42.99
713,5,1,46.77,46.77
714,8,1,112.40,112.40
714,5,1,46.77,46.77
715,1,1,2.25,2.25
716,8,1,112.40,112.40
716,12,1,75.55,75.55
717,1,1,2.25,2.25
718,7,1,841.35,841.35
719,12,1,75.55,75.55
720,4,1,480.35,480.35
721,3,1,735.60,735.60
722,2,1,99.99,99.99
723,5,1,46.77,46.77
724,12,1,75.55,75.55
725,13,1,915.50,915.50
726,3,1,735.60,735.60
727,9,1,42.99,42.99
728,5,1,46.77,46.77
729,13,1,915.50,915.50
730,1,1,2.25,2.25
731,6,1,22.88,22.88
732,13,1,915.50,915.50
733,8,1,112.40,112.40
734,13,2,915.50,1831.00
735,7,1,841.35,841.35
736,4,1,480.35,480.35
737,1,1,2.25,2.25
738,8,1,112.40,112.40
739,10,1,230.99,230.99
740,6,1,22.88,22.88
741,3,1,735.60,735.60
742,10,1,230.99,230.99
743,7,1,841.35,841.35
744,12,1,75.55,75.55
745,12,1,75.55,75.55
746,8,1,112.40,112.40
747,6,1,22.88,22.88
748,8,1,112.40,112.40
749,5,1,46.77,46.77
750,9,1,42.99,42.99
751,11,2,87.50,175.00
752,11,1,87.50,87.50
753,9,2,42.99,85.98
754,1,1,2.25,2.25
755,1,1,2.25,2.25
756,5,1,46.77,46.77
757,8,1,112.40,112.40
758,10,1,230.99,230.99
759,13,1,915.50,915.50
760,7,1,841.35,841.35
761,10,1,230.99,230.99
761,4,2,480.35,960.70
762,9,1,42.99,42.99
763,7,2,841.35,1682.70
764,5,1,46.77,46.77
765,10,1,230.99,230.99
766,2,1,99.99,99.99
767,13,1,915.50,915.50
768,4,1,480.35,480.35
768,1,2,2.25,4.50
769,2,1,99.99,99.99
769,4,1,480.35,480.35
770,12,1,75.55,75.55
771,11,2,87.50,175.00
772,11,1,87.50,87.50
773,6,1,22.88,22.88
774,3,2,735.60,1471.20
774,12,1,75.55,75.55
775,11,1,87.50,87.50
776,5,1,46.77,46.77
777,5,1,46.77,46.77
778,8,1,112.40,112.40
778,4,1,480.35,480.35
779,8,1,112.40,112.40
780,10,1,230.99,230.99
781,4,1,480.35,480.35
782,5,1,46.77,46.77
783,5,2,46.77,93.54
784,5,1,46.77,46.77
785,4,1,480.35,480.35
786,10,1,230.99,230.99
787,11,1,87.50,87.50
788,12,1,75.55,75.55
789,7,1,841.35,841.35
789,9,1,42.99,42.99
790,13,1,915.50,915.50
791,3,1,735.60,735.60
791,4,1,480.35,480.35
792,10,1,230.99,230.99
793,13,1,915.50,915.50
794,13,1,915.50,915.50
795,4,1,480.35,480.35
796,8,1,112.40,112.40
797,6,1,22.88,22.88
798,5,1,46.77,46.77
798,8,1,112.40,112.40
799,13,1,915.50,915.50
799,10,1,230.99,230.99
800,13,1,915.50,915.50
801,10,1,230.99,230.99
802,5,1,46.77,46.77
803,2,1,99.99,99.99
804,13,2,915.50,1831.00
805,6,1,22.88,22.88
806,1,1,2.25,2.25
807,12,1,75.55,75.55
808,9,1,42.99,42.99
808,8,1,112.40,112.40
809,9,1,42.99,42.99
810,3,1,735.60,735.60
810,4,1,480.35,480.35
811,2,1,99.99,99.99
812,1,1,2.25,2.25
813,7,2,841.35,1682.70
814,9,1,42.99,42.99
815,5,1,46.77,46.77
816,5,1,46.77,46.77
817,1,1,2.25,2.25
818,12,1,75.55,75.55
819,12,1,75.55,75.55
820,12,1,75.55,75.55
821,12,1,75.55,75.55
822,9,2,42.99,85.98
823,5,1,46.77,46.77
824,6,1,22.88,22.88
825,2,1,99.99,99.99
826,2,1,99.99,99.99
827,12,1,75.55,75.55
828,4,2,480.35,960.70
829,7,1,841.35,841.35
830,10,1,230.99,230.99
831,9,1,42.99,42.99
832,2,1,99.99,99.99
833,4,1,480.35,480.35
834,4,1,480.35,480.35
835,6,1,22.88,22.88
836,6,1,22.88,22.88
837,5,1,46.77,46.77
838,6,1,22.88,22.88
839,13,1,915.50,915.50
840,13,1,915.50,915.50
840,13,1,915.50,915.50
841,13,1,915.50,915.50
842,11,1,87.50,87.50
843,7,1,841.35,841.35
844,12,1,75.55,75.55
845,1,2,2.25,4.50
846,11,1,87.50,87.50
847,12,1,75.55,75.55
848,5,1,46.77,46.77
849,7,1,841.35,841.35
850,1,1,2.25,2.25
851,6,1,22.88,22.88
852,8,1,112.40,112.40
853,12,1,75.55,75.55
854,12,1,75.55,75.55
855,4,1,480.35,480.35
856,11,2,87.50,175.00
857,2,1,99.99,99.99
858,7,1,841.35,841.35
859,10,1,230.99,230.99
859,10,1,230.99,230.99
860,10,1,230.99,230.99
861,9,1,42.99,42.99
862,5,2,46.77,93.54
863,12,1,75.55,75.55
864,10,2,230.99,461.98
865,2,1,99.99,99.99
866,4,1,480.35,480.35
866,1,1,2.25,2.25
867,10,1,230.99,230.99
867,6,1,22.88,22.88
868,3,1,735.60,735.60
869,1,1,2.25,2.25
870,10,1,230.99,230.99
871,7,1,841.35,841.35
872,11,1,87.50,87.50
873,1,1,2.25,2.25
874,3,1,735.60,735.60
875,3,1,735.60,735.60
876,5,1,46.77,46.77
877,3,1,735.60,735.60
878,13,1,915.50,915.50
879,2,1,99.99,99.99
880,8,1,112.40,112.40
881,10,1,230.99,230.99
882,13,1,915.50,915.50
883,11,2,87.50,175.00
884,6,1,22.88,22.88
885,10,1,230.99,230.99
886,10,1,230.99,230.99
887,5,1,46.77,46.77
888,2,1,99.99,99.99
889,9,1,42.99,42.99
890,8,1,112.40,112.40
891,12,1,75.55,75.55
892,9,1,42.99,42.99
893,2,1,99.99,99.99
894,10,1,230.99,230.99
895,13,1,915.50,915.50
895,12,1,75.55,75.55
896,1,2,2.25,4.50
897,2,1,99.99,99.99
898,13,1,915.50,915.50
899,7,2,841.35,1682.70
900,10,1,230.99,230.99
901,6,1,22.88,22.88
902,13,1,915.50,915.50
903,3,1,735.60,735.60
904,6,1,22.88,22.88
905,3,1,735.60,735.60
905,10,1,230.99,230.99
906,2,1,99.99,99.99
906,3,1,735.60,735.60
907,9,1,42.99,42.99
908,5,1,46.77,46.77
909,2,1,99.99,99.99
909,6,1,22.88,22.88
910,9,1,42.99,42.99
911,11,1,87.50,87.50
912,13,1,915.50,915.50
913,4,1,480.35,480.35
914,2,1,99.99,99.99
915,5,1,46.77,46.77
916,6,1,22.88,22.88
917,8,1,112.40,112.40
918,6,1,22.88,22.88
919,9,1,42.99,42.99
920,8,1,112.40,112.40
921,11,1,87.50,87.50
922,12,1,75.55,75.55
923,8,1,112.40,112.40
923,10,1,230.99,230.99
924,7,1,841.35,841.35
925,12,1,75.55,75.55
926,6,1,22.88,22.88
927,7,1,841.35,841.35
928,10,1,230.99,230.99
929,5,1,46.77,46.77
930,6,1,22.88,22.88
931,5,1,46.77,46.77
932,10,1,230.99,230.99
933,5,1,46.77,46.77
934,11,1,87.50,87.50
935,3,1,735.60,735.60
936,9,3,42.99,128.97
937,10,1,230.99,230.99
938,11,1,87.50,87.50
939,3,1,735.60,735.60
940,7,1,841.35,841.35
941,7,1,841.35,841.35
942,11,1,87.50,87.50
943,4,1,480.35,480.35
944,1,1,2.25,2.25
944,13,1,915.50,915.50
945,9,1,42.99,42.99
945,12,1,75.55,75.55
946,5,1,46.77,46.77
947,6,1,22.88,22.88
948,3,1,735.60,735.60
949,11,1,87.50,87.50
950,8,1,112.40,112.40
951,1,1,2.25,2.25
952,2,1,99.99,99.99
953,12,2,75.55,151.10
954,4,1,480.35,480.35
955,11,2,87.50,175.00
956,1,1,2.25,2.25
957,12,1,75.55,75.55
958,11,1,87.50,87.50
959,1,1,2.25,2.25
960,2,1,99.99,99.99
961,6,1,22.88,22.88
962,9,1,42.99,42.99
963,9,1,42.99,42.99
964,3,2,735.60,1471.20
964,13,1,915.50,915.50
965,10,1,230.99,230.99
966,13,2,915.50,1831.00
967,6,1,22.88,22.88
968,2,1,99.99,99.99
969,9,1,42.99,42.99
970,3,1,735.60,735.60
971,6,1,22.88,22.88
972,10,1,230.99,230.99
973,7,1,841.35,841.35
974,11,1,87.50,87.50
975,10,1,230.99,230.99
976,3,2,735.60,1471.20
977,4,1,480.35,480.35
978,2,1,99.99,99.99
979,8,1,112.40,112.40
980,5,1,46.77,46.77
981,4,1,480.35,480.35
982,10,1,230.99,230.99
983,4,1,480.35,480.35
984,11,2,87.50,175.00
985,12,1,75.55,75.55
986,7,1,841.35,841.35
987,6,2,22.88,45.76
988,9,1,42.99,42.99
989,5,1,46.77,46.77
990,4,2,480.35,960.70
991,12,1,75.55,75.55
992,12,1,75.55,75.55
993,7,1,841.35,841.35
994,9,2,42.99,85.98
995,2,1,99.99,99.99
996,7,1,841.35,841.35
997,5,1,46.77,46.77
998,7,1,841.35,841.35
999,2,1,99.99,99.99
1000,7,1,841.35,841.35
1001,12,1,75.55,75.55
1001,6,3,22.88,68.64
1002,12,1,75.55,75.55
1003,13,1,915.50,915.50
1004,10,1,230.99,230.99
1005,1,1,2.25,2.25
1006,11,1,87.50,87.50
1007,2,1,99.99,99.99
1008,11,1,87.50,87.50
1009,8,1,112.40,112.40
1010,12,1,75.55,75.55
1011,7,1,841.35,841.35
1012,8,1,112.40,112.40
1013,11,1,87.50,87.50
1014,8,1,112.40,112.40
1015,3,1,735.60,735.60
1016,7,1,841.35,841.35
1017,2,1,99.99,99.99
1018,5,1,46.77,46.77
1019,4,2,480.35,960.70
1020,7,1,841.35,841.35
1021,3,1,735.60,735.60
1022,10,1,230.99,230.99
1023,9,1,42.99,42.99
1024,1,1,2.25,2.25
1025,8,1,112.40,112.40
1026,1,1,2.25,2.25
1027,9,1,42.99,42.99
1028,13,1,915.50,915.50
1029,10,1,230.99,230.99
1030,8,1,112.40,112.40
1031,13,1,915.50,915.50
1032,1,1,2.25,2.25
1033,3,1,735.60,735.60
1034,7,1,841.35,841.35
1035,3,1,735.60,735.60
1035,1,1,2.25,2.25
1036,3,1,735.60,735.60
1037,10,1,230.99,230.99
1037,6,1,22.88,22.88
1037,1,2,2.25,4.50
1038,8,1,112.40,112.40
1039,4,1,480.35,480.35
1040,9,1,42.99,42.99
1041,6,3,22.88,68.64
1042,9,1,42.99,42.99
1043,1,1,2.25,2.25
1044,2,1,99.99,99.99
1045,7,1,841.35,841.35
1046,3,1,735.60,735.60
1047,7,1,841.35,841.35
1048,11,1,87.50,87.50
1049,2,1,99.99,99.99
1050,6,1,22.88,22.88
1051,1,1,2.25,2.25
1052,3,1,735.60,735.60
1053,6,1,22.88,22.88
1054,9,1,42.99,42.99
1055,3,1,735.60,735.60
1056,7,2,841.35,1682.70
1057,9,1,42.99,42.99
1058,9,2,42.99,85.98
1059,12,2,75.55,151.10
1060,5,1,46.77,46.77
1061,1,1,2.25,2.25
1062,5,2,46.77,93.54
1063,11,1,87.50,87.50
1064,10,1,230.99,230.99
1064,11,2,87.50,175.00
1065,2,1,99.99,99.99
1066,2,1,99.99,99.99
1067,9,1,42.99,42.99
1068,6,1,22.88,22.88
1069,1,1,2.25,2.25
1070,13,1,915.50,915.50
1071,5,1,46.77,46.77
1072,9,1,42.99,42.99
1073,13,1,915.50,915.50
1074,1,1,2.25,2.25
1075,1,1,2.25,2.25
1076,1,2,2.25,4.50
1077,11,1,87.50,87.50
1077,12,1,75.55,75.55
1078,9,1,42.99,42.99
1079,3,1,735.60,735.60
1080,12,1,75.55,75.55
1081,12,1,75.55,75.55
1082,2,1,99.99,99.99
1082,13,2,915.50,1831.00
1082,10,1,230.99,230.99
1083,11,1,87.50,87.50
1084,12,1,75.55,75.55
1085,5,1,46.77,46.77
1086,4,2,480.35,960.70
1087,2,1,99.99,99.99
1088,3,1,735.60,735.60
1089,1,1,2.25,2.25
1090,6,1,22.88,22.88
1091,11,1,87.50,87.50
1092,12,1,75.55,75.55
1093,12,1,75.55,75.55
1094,4,1,480.35,480.35
1095,1,1,2.25,2.25
1096,2,1,99.99,99.99
1097,8,1,112.40,112.40
1098,1,1,2.25,2.25
1099,6,1,22.88,22.88
1100,12,1,75.55,75.55
1101,7,1,841.35,841.35
1102,12,1,75.55,75.55
1103,9,1,42.99,42.99
1104,3,2,735.60,1471.20
1105,13,1,915.50,915.50
1106,1,1,2.25,2.25
1107,11,1,87.50,87.50
1108,5,1,46.77,46.77
1109,5,1,46.77,46.77
1110,11,1,87.50,87.50
1111,3,1,735.60,735.60
1112,7,1,841.35,841.35
1113,7,2,841.35,1682.70
1114,4,1,480.35,480.35
1115,9,1,42.99,42.99
1116,11,1,87.50,87.50
1117,6,1,22.88,22.88
1117,4,2,480.35,960.70
1118,12,1,75.55,75.55
1119,12,1,75.55,75.55
1120,4,1,480.35,480.35
1121,3,1,735.60,735.60
1122,3,1,735.60,735.60
1123,1,1,2.25,2.25
1124,6,1,22.88,22.88
1124,11,3,87.50,262.50
1125,10,1,230.99,230.99
1126,2,1,99.99,99.99
1127,5,2,46.77,93.54
1128,12,1,75.55,75.55
1129,12,1,75.55,75.55
1130,13,2,915.50,1831.00
1131,8,1,112.40,112.40
1132,9,1,42.99,42.99
1133,12,1,75.55,75.55
1134,2,1,99.99,99.99
1135,8,1,112.40,112.40
1136,4,1,480.35,480.35
1137,13,1,915.50,915.50
1138,2,2,99.99,199.98
1139,7,1,841.35,841.35
1140,1,1,2.25,2.25
1141,13,1,915.50,915.50
1142,11,1,87.50,87.50
1143,12,1,75.55,75.55
1144,13,1,915.50,915.50
1145,2,1,99.99,99.99
1146,9,1,42.99,42.99
1147,1,1,2.25,2.25
1148,10,1,230.99,230.99
1149,5,1,46.77,46.77
1149,9,1,42.99,42.99
1150,9,1,42.99,42.99
1150,8,1,112.40,112.40
1151,2,1,99.99,99.99
1152,5,1,46.77,46.77
1153,2,1,99.99,99.99
1154,1,1,2.25,2.25
1155,10,1,230.99,230.99
1156,6,1,22.88,22.88
1157,5,1,46.77,46.77
1158,5,2,46.77,93.54
1159,8,1,112.40,112.40
1160,8,1,112.40,112.40
1161,8,1,112.40,112.40
1162,12,1,75.55,75.55
1163,8,1,112.40,112.40
1164,3,1,735.60,735.60
1165,13,1,915.50,915.50
1166,8,1,112.40,112.40
1167,12,1,75.55,75.55
1168,13,1,915.50,915.50
1169,3,1,735.60,735.60
1169,3,1,735.60,735.60
1170,3,1,735.60,735.60
1171,6,1,22.88,22.88
1172,2,1,99.99,99.99
1173,3,2,735.60,1471.20
1174,7,1,841.35,841.35
1175,10,1,230.99,230.99
1176,1,1,2.25,2.25
1177,9,1,42.99,42.99
1177,11,1,87.50,87.50
1178,5,1,46.77,46.77
1178,1,1,2.25,2.25
1179,9,1,42.99,42.99
1180,13,1,915.50,915.50
1180,3,1,735.60,735.60
1181,3,1,735.60,735.60
1182,12,1,75.55,75.55
1183,4,2,480.35,960.70
1184,4,1,480.35,480.35
1185,10,1,230.99,230.99
1186,11,2,87.50,175.00
1187,3,1,735.60,735.60
1188,6,1,22.88,22.88
1189,1,1,2.25,2.25
1190,12,1,75.55,75.55
1191,3,1,735.60,735.60
1192,8,1,112.40,112.40
1193,5,1,46.77,46.77
1194,7,1,841.35,841.35
1195,10,1,230.99,230.99
1196,3,1,735.60,735.60
1197,2,1,99.99,99.99
1198,9,1,42.99,42.99
1199,4,1,480.35,480.35
1200,3,1,735.60,735.60
1201,9,1,42.99,42.99
1202,9,1,42.99,42.99
1203,4,1,480.35,480.35
1204,9,1,42.99,42.99
1205,2,1,99.99,99.99
1206,13,1,915.50,915.50
1207,7,1,841.35,841.35
1208,10,1,230.99,230.99
1209,3,1,735.60,735.60
1210,12,1,75.55,75.55
1211,13,1,915.50,915.50
1212,13,1,915.50,915.50
1213,7,2,841.35,1682.70
1214,12,1,75.55,75.55
1214,7,1,841.35,841.35
1215,4,1,480.35,480.35
1216,3,1,735.60,735.60
1217,2,1,99.99,99.99
1218,1,1,2.25,2.25
1219,8,1,112.40,112.40
1220,4,1,480.35,480.35
1221,4,1,480.35,480.35
1222,5,1,46.77,46.77
1223,11,2,87.50,175.00
1224,3,1,735.60,735.60
1225,11,2,87.50,175.00
1226,6,1,22.88,22.88
1226,8,1,112.40,112.40
1227,1,1,2.25,2.25
1228,12,1,75.55,75.55
1229,4,1,480.35,480.35
1230,10,1,230.99,230.99
1231,10,1,230.99,230.99
1232,3,1,735.60,735.60
1232,5,1,46.77,46.77
1233,1,1,2.25,2.25
1234,5,1,46.77,46.77
1235,3,1,735.60,735.60
1236,7,1,841.35,841.35
1237,3,1,735.60,735.60
1238,1,1,2.25,2.25
1239,13,1,915.50,915.50
1240,10,1,230.99,230.99
1241,2,1,99.99,99.99
1242,6,1,22.88,22.88
1243,4,1,480.35,480.35
1243,1,1,2.25,2.25
1244,10,1,230.99,230.99
1245,5,2,46.77,93.54
1246,7,1,841.35,841.35
1247,2,1,99.99,99.99
1248,6,1,22.88,22.88
1249,13,1,915.50,915.50
1250,11,1,87.50,87.50
1251,6,1,22.88,22.88
1252,1,1,2.25,2.25
1253,4,1,480.35,480.35
1254,11,1,87.50,87.50
1255,1,1,2.25,2.25
1256,8,1,112.40,112.40
1257,8,1,112.40,112.40
1257,3,1,735.60,735.60
1257,8,1,112.40,112.40
1258,7,1,841.35,841.35
1259,8,1,112.40,112.40
1260,12,1,75.55,75.55
1261,13,1,915.50,915.50
1262,10,1,230.99,230.99
1263,5,1,46.77,46.77
1264,12,1,75.55,75.55
1265,13,1,915.50,915.50
1266,3,1,735.60,735.60
1267,11,1,87.50,87.50
1268,8,1,112.40,112.40
1269,11,1,87.50,87.50
1270,11,1,87.50,87.50
1270,4,1,480.35,480.35
1271,11,1,87.50,87.50
1272,1,1,2.25,2.25
1273,8,1,112.40,112.40
1274,2,2,99.99,199.98
1275,2,1,99.99,99.99
1276,10,2,230.99,461.98
1277,13,1,915.50,915.50
1277,1,1,2.25,2.25
1278,12,1,75.55,75.55
1279,6,1,22.88,22.88
1280,8,1,112.40,112.40
1281,13,1,915.50,915.50
1282,11,1,87.50,87.50
1283,4,1,480.35,480.35
1284,11,1,87.50,87.50
1285,1,2,2.25,4.50
1286,5,1,46.77,46.77
1287,3,1,735.60,735.60
1288,7,1,841.35,841.35
1289,5,1,46.77,46.77
1290,12,1,75.55,75.55
1291,10,1,230.99,230.99
1292,7,1,841.35,841.35
1293,13,1,915.50,915.50
1294,11,1,87.50,87.50
1294,11,1,87.50,87.50
1295,13,1,915.50,915.50
1296,9,1,42.99,42.99
1297,2,1,99.99,99.99
1298,12,1,75.55,75.55
1299,3,1,735.60,735.60
1300,3,1,735.60,735.60
1301,5,1,46.77,46.77
1302,11,1,87.50,87.50
1303,3,1,735.60,735.60
1304,4,1,480.35,480.35
1305,13,1,915.50,915.50
1306,10,2,230.99,461.98
1307,1,1,2.25,2.25
1308,7,1,841.35,841.35
1308,11,1,87.50,87.50
1309,8,1,112.40,112.40
1310,12,1,75.55,75.55
1310,12,1,75.55,75.55
1311,2,1,99.99,99.99
1311,7,1,841.35,841.35
1312,3,1,735.60,735.60
1313,12,1,75.55,75.55
1314,10,1,230.99,230.99
1315,6,1,22.88,22.88
1316,11,1,87.50,87.50
1317,5,1,46.77,46.77
1318,8,1,112.40,112.40
1319,8,1,112.40,112.40
1320,3,1,735.60,735.60
1321,7,1,841.35,841.35
1321,2,1,99.99,99.99
1322,13,1,915.50,915.50
1323,4,1,480.35,480.35
1324,3,1,735.60,735.60
1325,4,1,480.35,480.35
1326,13,2,915.50,1831.00
1327,9,2,42.99,85.98
1328,6,1,22.88,22.88
1329,5,1,46.77,46.77
1329,10,1,230.99,230.99
1330,5,1,46.77,46.77
1331,2,1,99.99,99.99
1332,8,1,112.40,112.40
1333,12,1,75.55,75.55
1334,12,1,75.55,75.55
1335,13,1,915.50,915.50
1336,8,3,112.40,337.20
1337,6,1,22.88,22.88
1338,6,2,22.88,45.76
1339,5,1,46.77,46.77
1340,1,1,2.25,2.25
1341,13,1,915.50,915.50
1342,2,1,99.99,99.99
1343,5,1,46.77,46.77
1343,1,1,2.25,2.25
1344,10,1,230.99,230.99
1345,12,1,75.55,75.55
1346,4,1,480.35,480.35
1347,4,1,480.35,480.35
1348,10,1,230.99,230.99
1349,7,1,841.35,841.35
1350,8,1,112.40,112.40
1351,10,1,230.99,230.99
1352,1,1,2.25,2.25
1353,4,1,480.35,480.35
1354,5,1,46.77,46.77
1355,2,1,99.99,99.99
1356,3,1,735.60,735.60
1357,12,1,75.55,75.55
1358,2,1,99.99,99.99
1359,2,1,99.99,99.99
1360,11,1,87.50,87.50
1361,1,1,2.25,2.25
1362,7,1,841.35,841.35
1363,9,1,42.99,42.99
1364,10,1,230.99,230.99
1365,1,2,2.25,4.50
1366,13,1,915.50,915.50
1367,3,1,735.60,735.60
1367,7,1,841.35,841.35
1368,4,1,480.35,480.35
1369,12,1,75.55,75.55
1370,6,1,22.88,22.88
1371,6,1,22.88,22.88
1372,2,1,99.99,99.99
1373,10,1,230.99,230.99
1374,11,1,87.50,87.50
1375,4,1,480.35,480.35
1376,12,1,75.55,75.55
1377,8,3,112.40,337.20
1378,6,1,22.88,22.88
1379,6,1,22.88,22.88
1380,2,1,99.99,99.99
1380,12,1,75.55,75.55
1381,12,1,75.55,75.55
1382,10,1,230.99,230.99
1382,4,1,480.35,480.35
1383,10,1,230.99,230.99
1384,6,1,22.88,22.88
1385,3,1,735.60,735.60
1386,9,1,42.99,42.99
1387,13,1,915.50,915.50
1388,12,1,75.55,75.55
1389,3,1,735.60,735.60
1390,8,1,112.40,112.40
1391,2,1,99.99,99.99
1392,2,1,99.99,99.99
1393,2,1,99.99,99.99
1394,7,1,841.35,841.35
1395,2,1,99.99,99.99
1395,10,1,230.99,230.99
1396,1,1,2.25,2.25
1397,5,1,46.77,46.77
1398,9,1,42.99,42.99
1399,9,1,42.99,42.99
1400,2,1,99.99,99.99
1401,13,2,915.50,1831.00
1402,11,1,87.50,87.50
1403,7,1,841.35,841.35
1404,3,1,735.60,735.60
1405,7,2,841.35,1682.70
1406,12,1,75.55,75.55
1407,7,1,841.35,841.35
1408,5,1,46.77,46.77
1409,1,1,2.25,2.25
1410,5,1,46.77,46.77
1411,13,1,915.50,915.50
1412,9,1,42.99,42.99
1413,3,1,735.60,735.60
1414,3,2,735.60,1471.20
1415,4,1,480.35,480.35
1416,12,1,75.55,75.55
1417,3,1,735.60,735.60
1418,6,1,22.88,22.88
1419,5,1,46.77,46.77
1420,6,1,22.88,22.88
1421,7,1,841.35,841.35
1422,6,1,22.88,22.88
1423,1,1,2.25,2.25
1424,6,1,22.88,22.88
1425,6,1,22.88,22.88
1426,1,1,2.25,2.25
1427,3,1,735.60,735.60
1428,10,1,230.99,230.99
1428,9,1,42.99,42.99
1429,4,1,480.35,480.35
1430,5,1,46.77,46.77
1431,1,1,2.25,2.25
1432,2,1,99.99,99.99
1433,13,1,915.50,915.50
1434,13,1,915.50,915.50
1435,3,1,735.60,735.60
1436,5,1,46.77,46.77
1437,7,1,841.35,841.35
1438,4,1,480.35,480.35
1439,4,2,480.35,960.70
1440,2,1,99.99,99.99
1441,7,1,841.35,841.35
1442,2,1,99.99,99.99
1443,11,1,87.50,87.50
1444,3,2,735.60,1471.20
1445,8,3,112.40,337.20
1446,1,1,2.25,2.25
1447,12,1,75.55,75.55
1448,9,1,42.99,42.99
1449,2,1,99.99,99.99
1450,5,1,46.77,46.77
1451,9,1,42.99,42.99
1452,13,1,915.50,915.50
1453,8,1,112.40,112.40
1454,10,1,230.99,230.99
1455,8,1,112.40,112.40
1456,9,1,42.99,42.99
1457,1,1,2.25,2.25
1458,5,1,46.77,46.77
1459,4,1,480.35,480.35
1460,6,1,22.88,22.88
1461,7,1,841.35,841.35
1462,4,1,480.35,480.35
1462,7,1,841.35,841.35
1463,5,1,46.77,46.77
1464,10,2,230.99,461.98
1465,5,1,46.77,46.77
1466,6,1,22.88,22.88
1467,5,1,46.77,46.77
1468,11,1,87.50,87.50
1469,11,1,87.50,87.50
1470,3,1,735.60,735.60
1471,8,1,112.40,112.40
1472,5,1,46.77,46.77
1473,4,1,480.35,480.35
1474,6,1,22.88,22.88
1475,13,1,915.50,915.50
1476,6,2,22.88,45.76
1477,1,1,2.25,2.25
1477,8,1,112.40,112.40
1478,11,1,87.50,87.50
1479,7,1,841.35,841.35
1480,3,1,735.60,735.60
1481,13,2,915.50,1831.00
1482,10,1,230.99,230.99
1483,1,1,2.25,2.25
1484,13,1,915.50,915.50
1484,7,1,841.35,841.35
1485,12,1,75.55,75.55
1486,5,2,46.77,93.54
1487,12,1,75.55,75.55
1487,11,1,87.50,87.50
1488,1,1,2.25,2.25
1489,11,1,87.50,87.50
1490,4,1,480.35,480.35
1491,1,1,2.25,2.25
1491,9,1,42.99,42.99
1492,2,1,99.99,99.99
1493,6,1,22.88,22.88
1493,3,1,735.60,735.60
1493,10,1,230.99,230.99
1494,9,1,42.99,42.99
1495,5,1,46.77,46.77
1496,1,1,2.25,2.25
1497,4,1,480.35,480.35
1497,8,1,112.40,112.40
1498,8,1,112.40,112.40
1498,2,1,99.99,99.99
1499,6,1,22.88,22.88
1500,1,1,2.25,2.25
1500,4,2,480.35,960.70
1501,4,1,480.35,480.35
1502,2,1,99.99,99.99
1503,8,2,112.40,224.80
1504,1,1,2.25,2.25
1505,11,1,87.50,87.50
1506,9,1,42.99,42.99
1507,8,1,112.40,112.40
1508,7,1,841.35,841.35
1509,10,1,230.99,230.99
1510,13,1,915.50,915.50
1510,2,2,99.99,199.98
1511,12,1,75.55,75.55
1512,12,1,75.55,75.55
1513,10,1,230.99,230.99
1514,6,1,22.88,22.88
1515,2,2,99.99,199.98
1515,3,3,735.60,2206.80
1516,1,1,2.25,2.25
1517,10,1,230.99,230.99
1518,3,1,735.60,735.60
1519,11,1,87.50,87.50
1519,1,1,2.25,2.25
1520,10,1,230.99,230.99
1521,8,1,112.40,112.40
1522,5,1,46.77,46.77
1523,3,1,735.60,735.60
1524,6,1,22.88,22.88
1525,9,1,42.99,42.99
1525,8,1,112.40,112.40
1526,7,1,841.35,841.35
1527,2,1,99.99,99.99
1528,2,1,99.99,99.99
1528,12,1,75.55,75.55
1529,8,1,112.40,112.40
1530,1,1,2.25,2.25
1531,13,1,915.50,915.50
1531,6,1,22.88,22.88
1532,8,1,112.40,112.40
1533,13,1,915.50,915.50
1534,4,2,480.35,960.70
1535,9,1,42.99,42.99
1536,13,1,915.50,915.50
1537,8,1,112.40,112.40
1538,2,1,99.99,99.99
1539,12,1,75.55,75.55
1540,10,1,230.99,230.99
1541,13,1,915.50,915.50
1542,3,1,735.60,735.60
1543,3,1,735.60,735.60
1544,3,1,735.60,735.60
1545,7,1,841.35,841.35
1546,13,1,915.50,915.50
1547,1,1,2.25,2.25
1548,7,1,841.35,841.35
1549,13,1,915.50,915.50
1550,4,2,480.35,960.70
1551,3,1,735.60,735.60
1552,12,1,75.55,75.55
1553,10,2,230.99,461.98
1554,11,1,87.50,87.50
1555,12,1,75.55,75.55
1556,5,1,46.77,46.77
1557,2,1,99.99,99.99
1558,5,1,46.77,46.77
1559,13,1,915.50,915.50
1560,1,1,2.25,2.25
1561,5,1,46.77,46.77
1562,9,1,42.99,42.99
1563,1,1,2.25,2.25
1564,11,1,87.50,87.50
1565,2,1,99.99,99.99
1566,1,1,2.25,2.25
1567,7,1,841.35,841.35
1568,3,2,735.60,1471.20
1569,8,1,112.40,112.40
1570,9,1,42.99,42.99
1571,10,1,230.99,230.99
1572,1,1,2.25,2.25
1572,8,1,112.40,112.40
1573,1,1,2.25,2.25
1574,8,1,112.40,112.40
1575,3,1,735.60,735.60
1576,2,1,99.99,99.99
1577,7,1,841.35,841.35
1578,6,1,22.88,22.88
1579,2,1,99.99,99.99
1580,10,1,230.99,230.99
1581,8,1,112.40,112.40
1582,12,1,75.55,75.55
1583,7,1,841.35,841.35
1584,12,1,75.55,75.55
1585,12,1,75.55,75.55
1586,5,1,46.77,46.77
1587,6,1,22.88,22.88
1588,4,1,480.35,480.35
1589,1,1,2.25,2.25
1590,11,1,87.50,87.50
1591,5,1,46.77,46.77
1591,6,1,22.88,22.88
1592,11,1,87.50,87.50
1593,10,2,230.99,461.98
1594,9,1,42.99,42.99
1595,6,1,22.88,22.88
1596,13,1,915.50,915.50
1597,1,1,2.25,2.25
1597,9,1,42.99,42.99
1598,8,1,112.40,112.40
1599,11,1,87.50,87.50
1600,2,3,99.99,299.97
1601,2,1,99.99,99.99
1602,8,1,112.40,112.40
1603,4,1,480.35,480.35
1604,2,1,99.99,99.99
1605,11,1,87.50,87.50
1605,3,1,735.60,735.60
1605,11,1,87.50,87.50
1606,2,1,99.99,99.99
1607,1,1,2.25,2.25
1608,12,1,75.55,75.55
1609,9,1,42.99,42.99
1610,6,1,22.88,22.88
1611,7,1,841.35,841.35
1612,2,1,99.99,99.99
1613,3,1,735.60,735.60
1614,11,1,87.50,87.50
1615,3,1,735.60,735.60
1616,6,1,22.88,22.88
1617,2,1,99.99,99.99
1618,10,2,230.99,461.98
1619,3,1,735.60,735.60
1620,6,1,22.88,22.88
1621,3,1,735.60,735.60
1622,7,2,841.35,1682.70
1623,2,1,99.99,99.99
1624,9,1,42.99,42.99
1625,11,1,87.50,87.50
1626,7,1,841.35,841.35
1627,6,1,22.88,22.88
1628,8,2,112.40,224.80
1628,7,1,841.35,841.35
1629,13,1,915.50,915.50
1630,6,1,22.88,22.88
1631,8,1,112.40,112.40
1631,5,1,46.77,46.77
1632,7,1,841.35,841.35
1633,1,1,2.25,2.25
1634,3,1,735.60,735.60
1635,6,2,22.88,45.76
1636,9,1,42.99,42.99
1637,6,1,22.88,22.88
1638,11,2,87.50,175.00
1638,6,1,22.88,22.88
1639,8,1,112.40,112.40
1640,6,1,22.88,22.88
1641,11,1,87.50,87.50
1642,1,2,2.25,4.50
1643,5,1,46.77,46.77
1644,7,1,841.35,841.35
1645,13,1,915.50,915.50
1646,2,1,99.99,99.99
1647,2,1,99.99,99.99
1648,7,2,841.35,1682.70
1649,7,1,841.35,841.35
1650,2,1,99.99,99.99
1651,9,1,42.99,42.99
1652,5,1,46.77,46.77
1653,11,1,87.50,87.50
1654,2,1,99.99,99.99
1654,9,1,42.99,42.99
1655,7,1,841.35,841.35
1656,5,1,46.77,46.77
1657,6,1,22.88,22.88
1657,7,1,841.35,841.35
1658,9,1,42.99,42.99
1659,7,1,841.35,841.35
1660,12,1,75.55,75.55
1661,12,1,75.55,75.55
1662,11,1,87.50,87.50
1663,4,1,480.35,480.35
1664,10,1,230.99,230.99
1665,6,2,22.88,45.76
1666,12,1,75.55,75.55
1667,8,1,112.40,112.40
1668,5,1,46.77,46.77
1669,9,1,42.99,42.99
1669,11,1,87.50,87.50
1670,5,1,46.77,46.77
1671,6,1,22.88,22.88
1672,7,1,841.35,841.35
1673,9,1,42.99,42.99
1674,13,1,915.50,915.50
1674,1,1,2.25,2.25
1675,10,1,230.99,230.99
1676,7,1,841.35,841.35
1677,2,1,99.99,99.99
1678,5,1,46.77,46.77
1679,10,2,230.99,461.98
1680,13,1,915.50,915.50
1681,2,1,99.99,99.99
1681,11,1,87.50,87.50
1682,10,1,230.99,230.99
1682,6,1,22.88,22.88
1683,7,1,841.35,841.35
1684,1,1,2.25,2.25
1685,6,1,22.88,22.88
1686,8,1,112.40,112.40
1687,7,1,841.35,841.35
1687,12,1,75.55,75.55
1688,3,1,735.60,735.60
1689,3,1,735.60,735.60
1690,8,1,112.40,112.40
1691,6,1,22.88,22.88
1692,3,1,735.60,735.60
1693,2,1,99.99,99.99
1694,1,1,2.25,2.25
1695,5,1,46.77,46.77
1696,6,3,22.88,68.64
1697,9,1,42.99,42.99
1698,3,1,735.60,735.60
1699,11,1,87.50,87.50
1700,8,1,112.40,112.40
1701,13,1,915.50,915.50
1702,4,1,480.35,480.35
1703,5,1,46.77,46.77
1704,3,1,735.60,735.60
1704,3,1,735.60,735.60
1705,6,1,22.88,22.88
1706,6,1,22.88,22.88
1707,1,1,2.25,2.25
1708,11,1,87.50,87.50
1709,4,1,480.35,480.35
1710,8,1,112.40,112.40
1711,6,1,22.88,22.88
1712,7,1,841.35,841.35
1713,6,2,22.88,45.76
1714,1,2,2.25,4.50
1715,6,1,22.88,22.88
1716,7,1,841.35,841.35
1717,13,1,915.50,915.50
1718,9,1,42.99,42.99
1719,2,1,99.99,99.99
1720,7,1,841.35,841.35
1721,3,1,735.60,735.60
1721,11,2,87.50,175.00
1722,12,1,75.55,75.55
1723,10,1,230.99,230.99
1724,12,1,75.55,75.55
1725,2,1,99.99,99.99
1726,1,1,2.25,2.25
1727,9,1,42.99,42.99
1728,4,2,480.35,960.70
1729,13,1,915.50,915.50
1730,1,1,2.25,2.25
1731,5,1,46.77,46.77
1732,13,2,915.50,1831.00
1733,7,1,841.35,841.35
1734,10,1,230.99,230.99
1735,3,1,735.60,735.60
1736,10,1,230.99,230.99
1737,5,1,46.77,46.77
1738,9,2,42.99,85.98
1739,10,1,230.99,230.99
1740,10,1,230.99,230.99
1741,9,1,42.99,42.99
1742,1,1,2.25,2.25
1743,5,2,46.77,93.54
1743,7,1,841.35,841.35
1744,9,1,42.99,42.99
1744,2,1,99.99,99.99
1745,3,3,735.60,2206.80
1746,9,2,42.99,85.98
1747,1,1,2.25,2.25
1748,10,1,230.99,230.99
1749,6,1,22.88,22.88
1750,13,1,915.50,915.50
1751,7,2,841.35,1682.70
1752,9,1,42.99,42.99
1753,8,2,112.40,224.80
1754,3,1,735.60,735.60
1755,5,1,46.77,46.77
1756,11,1,87.50,87.50
1757,1,1,2.25,2.25
1758,4,1,480.35,480.35
1759,7,1,841.35,841.35
1760,2,2,99.99,199.98
1761,11,1,87.50,87.50
1762,4,2,480.35,960.70
1763,5,1,46.77,46.77
1764,4,1,480.35,480.35
1765,8,1,112.40,112.40
1766,1,1,2.25,2.25
1767,3,1,735.60,735.60
1767,1,1,2.25,2.25
1768,8,1,112.40,112.40
1769,6,1,22.88,22.88
1770,11,1,87.50,87.50
1771,2,1,99.99,99.99
1772,11,1,87.50,87.50
1773,10,1,230.99,230.99
1774,9,1,42.99,42.99
1775,12,1,75.55,75.55
1775,5,1,46.77,46.77
1775,6,1,22.88,22.88
1776,6,1,22.88,22.88
1777,6,1,22.88,22.88
1778,2,1,99.99,99.99
1779,3,1,735.60,735.60
1780,5,1,46.77,46.77
1781,7,1,841.35,841.35
1782,4,1,480.35,480.35
1783,9,1,42.99,42.99
1784,3,1,735.60,735.60
1785,7,1,841.35,841.35
1786,4,1,480.35,480.35
1787,13,1,915.50,915.50
1788,13,1,915.50,915.50
1789,9,1,42.99,42.99
1790,9,1,42.99,42.99
1791,13,1,915.50,915.50
1792,13,1,915.50,915.50
1793,5,1,46.77,46.77
1794,7,1,841.35,841.35
1795,10,1,230.99,230.99
1796,3,1,735.60,735.60
1797,13,2,915.50,1831.00
1798,1,1,2.25,2.25
1799,9,1,42.99,42.99
1800,9,1,42.99,42.99
1801,1,1,2.25,2.25
1802,6,1,22.88,22.88
1803,8,1,112.40,112.40
1804,11,1,87.50,87.50
1805,7,1,841.35,841.35
1805,13,1,915.50,915.50
1806,6,1,22.88,22.88
1807,4,1,480.35,480.35
1808,10,1,230.99,230.99
1809,2,1,99.99,99.99
1809,12,1,75.55,75.55
1810,4,2,480.35,960.70
1811,2,1,99.99,99.99
1812,13,1,915.50,915.50
1813,3,1,735.60,735.60
1814,6,1,22.88,22.88
1815,6,1,22.88,22.88
1816,1,1,2.25,2.25
1817,7,1,841.35,841.35
1817,1,1,2.25,2.25
1818,2,1,99.99,99.99
1819,3,1,735.60,735.60
1820,9,1,42.99,42.99
1821,6,2,22.88,45.76
1822,11,1,87.50,87.50
1823,1,1,2.25,2.25
1824,12,1,75.55,75.55
1825,2,1,99.99,99.99
1826,13,1,915.50,915.50
1827,11,1,87.50,87.50
1828,2,1,99.99,99.99
1829,2,2,99.99,199.98
1830,8,1,112.40,112.40
1831,3,1,735.60,735.60
1832,5,1,46.77,46.77
1833,7,1,841.35,841.35
1834,10,1,230.99,230.99
1835,2,1,99.99,99.99
1836,11,1,87.50,87.50
1836,7,2,841.35,1682.70
1837,5,1,46.77,46.77
1837,10,1,230.99,230.99
1838,11,1,87.50,87.50
1839,1,1,2.25,2.25
1840,2,1,99.99,99.99
1841,7,1,841.35,841.35
1842,1,2,2.25,4.50
1843,7,1,841.35,841.35
1844,5,1,46.77,46.77
1845,6,1,22.88,22.88
1845,1,2,2.25,4.50
1846,2,2,99.99,199.98
1847,6,2,22.88,45.76
1848,6,1,22.88,22.88
1849,1,1,2.25,2.25
1850,8,1,112.40,112.40
1851,9,1,42.99,42.99
1852,10,1,230.99,230.99
1853,7,1,841.35,841.35
1854,6,1,22.88,22.88
1855,10,1,230.99,230.99
1856,12,1,75.55,75.55
1857,11,1,87.50,87.50
1857,2,1,99.99,99.99
1858,8,2,112.40,224.80
1859,13,1,915.50,915.50
1860,4,1,480.35,480.35
1861,12,1,75.55,75.55
1862,8,1,112.40,112.40
1863,12,1,75.55,75.55
1864,4,1,480.35,480.35
1865,1,1,2.25,2.25
1866,1,1,2.25,2.25
1867,7,1,841.35,841.35
1868,10,1,230.99,230.99
1869,11,1,87.50,87.50
1870,3,1,735.60,735.60
1871,10,1,230.99,230.99
1872,3,1,735.60,735.60
1873,8,1,112.40,112.40
1874,2,1,99.99,99.99
1875,13,1,915.50,915.50
1876,2,1,99.99,99.99
1876,8,1,112.40,112.40
1877,10,2,230.99,461.98
1878,5,1,46.77,46.77
1879,3,2,735.60,1471.20
1879,7,1,841.35,841.35
1880,2,1,99.99,99.99
1881,8,1,112.40,112.40
1881,1,1,2.25,2.25
1882,13,1,915.50,915.50
1883,1,1,2.25,2.25
1883,13,1,915.50,915.50
1884,5,1,46.77,46.77
1885,3,1,735.60,735.60
1886,5,1,46.77,46.77
1887,3,1,735.60,735.60
1888,10,1,230.99,230.99
1889,7,1,841.35,841.35
1890,2,1,99.99,99.99
1891,2,1,99.99,99.99
1892,4,1,480.35,480.35
1893,2,1,99.99,99.99
1894,11,1,87.50,87.50
1895,9,1,42.99,42.99
1896,4,1,480.35,480.35
1897,2,1,99.99,99.99
1898,7,1,841.35,841.35
1899,1,1,2.25,2.25
1900,2,1,99.99,99.99
1901,1,1,2.25,2.25
1902,9,1,42.99,42.99
1903,4,1,480.35,480.35
1904,4,1,480.35,480.35
1905,1,1,2.25,2.25
1906,7,1,841.35,841.35
1907,11,1,87.50,87.50
1908,6,1,22.88,22.88
1909,10,1,230.99,230.99
1910,2,1,99.99,99.99
1911,7,1,841.35,841.35
1912,1,1,2.25,2.25
1913,5,1,46.77,46.77
1914,10,1,230.99,230.99
1915,11,1,87.50,87.50
1916,6,1,22.88,22.88
1917,5,1,46.77,46.77
1918,7,3,841.35,2524.05
1919,10,1,230.99,230.99
1920,12,2,75.55,151.10
1921,4,1,480.35,480.35
1922,12,1,75.55,75.55
1923,13,1,915.50,915.50
1924,4,1,480.35,480.35
1924,4,1,480.35,480.35
1925,7,1,841.35,841.35
1926,6,1,22.88,22.88
1927,10,1,230.99,230.99
1928,6,1,22.88,22.88
1929,4,1,480.35,480.35
1930,2,1,99.99,99.99
1931,3,1,735.60,735.60
1932,6,1,22.88,22.88
1933,6,1,22.88,22.88
1934,13,1,915.50,915.50
1935,10,1,230.99,230.99
1936,5,1,46.77,46.77
1937,7,1,841.35,841.35
1938,1,1,2.25,2.25
1939,9,1,42.99,42.99
1940,8,1,112.40,112.40
1941,11,1,87.50,87.50
1942,12,1,75.55,75.55
1943,13,1,915.50,915.50
1944,3,1,735.60,735.60
1945,10,2,230.99,461.98
1946,13,1,915.50,915.50
1947,10,1,230.99,230.99
1947,6,1,22.88,22.88
1948,12,1,75.55,75.55
1949,8,1,112.40,112.40
1950,7,1,841.35,841.35
1951,10,1,230.99,230.99
1952,9,1,42.99,42.99
1953,4,1,480.35,480.35
1954,4,1,480.35,480.35
1955,2,1,99.99,99.99
1956,2,1,99.99,99.99
1957,13,1,915.50,915.50
1958,4,1,480.35,480.35
1959,5,1,46.77,46.77
1960,3,1,735.60,735.60
1961,13,1,915.50,915.50
1962,1,1,2.25,2.25
1963,11,1,87.50,87.50
1964,5,1,46.77,46.77
1965,2,2,99.99,199.98
1966,12,1,75.55,75.55
1967,12,1,75.55,75.55
1968,10,1,230.99,230.99
1969,1,1,2.25,2.25
1970,5,1,46.77,46.77
1971,6,1,22.88,22.88
1972,6,1,22.88,22.88
1973,13,1,915.50,915.50
1974,12,1,75.55,75.55
1975,6,1,22.88,22.88
1976,8,1,112.40,112.40
1976,12,1,75.55,75.55
1977,1,1,2.25,2.25
1978,1,1,2.25,2.25
1979,2,1,99.99,99.99
1980,5,1,46.77,46.77
1981,1,1,2.25,2.25
1982,11,1,87.50,87.50
1983,8,1,112.40,112.40
1984,4,1,480.35,480.35
1985,11,1,87.50,87.50
1986,10,2,230.99,461.98
1987,9,1,42.99,42.99
1988,13,1,915.50,915.50
1989,4,3,480.35,1441.05
1990,13,1,915.50,915.50
1991,4,1,480.35,480.35
1992,5,1,46.77,46.77
1993,11,1,87.50,87.50
1994,10,1,230.99,230.99
1995,12,1,75.55,75.55
1996,6,1,22.88,22.88
1996,2,1,99.99,99.99
1997,2,2,99.99,199.98
1998,13,1,915.50,915.50
1999,1,1,2.25,2.25
2000,1,1,2.25,2.25
2001,8,1,112.40,112.40
2002,2,2,99.99,199.98
2003,9,1,42.99,42.99
2004,9,1,42.99,42.99
2005,7,1,841.35,841.35
2006,10,1,230.99,230.99
2007,13,1,915.50,915.50
2007,13,1,915.50,915.50
2007,8,1,112.40,112.40
2008,12,1,75.55,75.55
2008,4,1,480.35,480.35
2009,11,1,87.50,87.50
2010,10,2,230.99,461.98
2011,2,1,99.99,99.99
2012,2,1,99.99,99.99
2013,1,1,2.25,2.25
2014,3,1,735.60,735.60
2015,7,1,841.35,841.35
2016,1,1,2.25,2.25
2017,6,1,22.88,22.88
2018,10,1,230.99,230.99
2019,5,1,46.77,46.77
2020,6,2,22.88,45.76
2021,12,1,75.55,75.55
2021,3,1,735.60,735.60
2022,13,1,915.50,915.50
2023,6,1,22.88,22.88
2024,3,1,735.60,735.60
2025,5,1,46.77,46.77
2026,2,2,99.99,199.98
2027,6,1,22.88,22.88
2028,10,3,230.99,692.97
2029,4,1,480.35,480.35
2030,11,1,87.50,87.50
2030,3,1,735.60,735.60
2031,9,1,42.99,42.99
2032,12,1,75.55,75.55
2033,13,1,915.50,915.50
2034,1,1,2.25,2.25
2035,7,1,841.35,841.35
2036,7,1,841.35,841.35
2037,2,1,99.99,99.99
2038,5,1,46.77,46.77
2039,9,1,42.99,42.99
2040,7,1,841.35,841.35
2041,12,1,75.55,75.55
2042,3,1,735.60,735.60
2043,1,1,2.25,2.25
2044,9,1,42.99,42.99
2044,5,1,46.77,46.77
2045,8,1,112.40,112.40
2046,8,1,112.40,112.40
2047,9,1,42.99,42.99
2048,10,1,230.99,230.99
2049,10,1,230.99,230.99
2050,2,1,99.99,99.99
2051,10,1,230.99,230.99
2051,8,1,112.40,112.40
2052,8,1,112.40,112.40
2053,13,1,915.50,915.50
2054,3,1,735.60,735.60
2055,12,1,75.55,75.55
2056,9,1,42.99,42.99
2057,12,1,75.55,75.55
2058,1,1,2.25,2.25
2059,1,1,2.25,2.25
2060,9,1,42.99,42.99
2061,1,1,2.25,2.25
2061,13,1,915.50,915.50
2062,8,1,112.40,112.40
2062,8,1,112.40,112.40
2062,6,1,22.88,22.88
2063,5,2,46.77,93.54
2064,3,1,735.60,735.60
2065,5,1,46.77,46.77
2066,3,1,735.60,735.60
2067,6,1,22.88,22.88
2068,6,1,22.88,22.88
2069,10,1,230.99,230.99
2070,8,1,112.40,112.40
2071,5,1,46.77,46.77
2072,13,1,915.50,915.50
2073,9,1,42.99,42.99
2074,10,1,230.99,230.99
2075,12,1,75.55,75.55
2076,13,1,915.50,915.50
2077,11,1,87.50,87.50
2078,10,1,230.99,230.99
2079,4,1,480.35,480.35
2080,11,1,87.50,87.50
2081,7,1,841.35,841.35
2082,5,1,46.77,46.77
2083,8,1,112.40,112.40
2084,12,1,75.55,75.55
2085,5,1,46.77,46.77
2086,7,1,841.35,841.35
2087,8,1,112.40,112.40
2088,4,1,480.35,480.35
2088,5,2,46.77,93.54
2089,3,1,735.60,735.60
2090,4,1,480.35,480.35
2091,13,1,915.50,915.50
2091,4,1,480.35,480.35
2092,2,1,99.99,99.99
2092,6,1,22.88,22.88
2093,6,1,22.88,22.88
2094,9,1,42.99,42.99
2095,11,1,87.50,87.50
2096,7,1,841.35,841.35
2097,7,2,841.35,1682.70
2098,8,1,112.40,112.40
2098,3,1,735.60,735.60
2098,10,1,230.99,230.99
2099,1,1,2.25,2.25
2100,5,1,46.77,46.77
2101,5,2,46.77,93.54
2102,7,1,841.35,841.35
2103,12,1,75.55,75.55
2104,2,1,99.99,99.99
2104,11,1,87.50,87.50
2105,4,1,480.35,480.35
2106,2,1,99.99,99.99
2107,2,1,99.99,99.99
2108,11,1,87.50,87.50
2109,7,1,841.35,841.35
2110,6,2,22.88,45.76
2111,6,1,22.88,22.88
2112,1,1,2.25,2.25
2113,8,1,112.40,112.40
2114,9,1,42.99,42.99
2115,4,1,480.35,480.35
2116,1,2,2.25,4.50
2117,2,1,99.99,99.99
2118,13,1,915.50,915.50
2119,11,1,87.50,87.50
2120,6,1,22.88,22.88
2121,8,1,112.40,112.40
2122,1,1,2.25,2.25
2123,11,1,87.50,87.50
2124,4,1,480.35,480.35
2125,9,1,42.99,42.99
2126,10,3,230.99,692.97
2127,7,1,841.35,841.35
2128,10,1,230.99,230.99
2129,7,1,841.35,841.35
2130,11,1,87.50,87.50
2131,2,1,99.99,99.99
2132,2,2,99.99,199.98
2133,7,1,841.35,841.35
2134,6,1,22.88,22.88
2135,10,1,230.99,230.99
2136,10,1,230.99,230.99
2137,7,1,841.35,841.35
2138,12,1,75.55,75.55
2139,11,1,87.50,87.50
2140,2,1,99.99,99.99
2141,10,1,230.99,230.99
2142,4,1,480.35,480.35
2143,3,1,735.60,735.60
2144,12,1,75.55,75.55
2145,6,1,22.88,22.88
2146,9,1,42.99,42.99
2147,7,1,841.35,841.35
2148,12,1,75.55,75.55
2149,9,1,42.99,42.99
2149,3,1,735.60,735.60
2150,5,1,46.77,46.77
2151,10,1,230.99,230.99
2152,11,1,87.50,87.50
2153,9,1,42.99,42.99
2154,3,1,735.60,735.60
2155,4,1,480.35,480.35
2156,10,1,230.99,230.99
2157,2,2,99.99,199.98
2158,8,1,112.40,112.40
2159,9,1,42.99,42.99
2160,4,1,480.35,480.35
2160,6,1,22.88,22.88
2160,3,1,735.60,735.60
2161,5,1,46.77,46.77
2162,3,1,735.60,735.60
2162,6,1,22.88,22.88
2163,1,1,2.25,2.25
2164,5,1,46.77,46.77
2165,3,1,735.60,735.60
2166,5,1,46.77,46.77
2167,2,1,99.99,99.99
2168,5,1,46.77,46.77
2168,10,1,230.99,230.99
2169,7,1,841.35,841.35
2170,12,1,75.55,75.55
2171,11,1,87.50,87.50
2172,13,1,915.50,915.50
2173,12,2,75.55,151.10
2174,8,1,112.40,112.40
2175,11,1,87.50,87.50
2176,7,1,841.35,841.35
2177,13,1,915.50,915.50
2178,4,1,480.35,480.35
2179,13,1,915.50,915.50
2180,10,1,230.99,230.99
2181,2,1,99.99,99.99
2181,10,1,230.99,230.99
2182,3,1,735.60,735.60
2183,3,1,735.60,735.60
2184,12,1,75.55,75.55
2185,11,1,87.50,87.50
2186,3,1,735.60,735.60
2187,11,1,87.50,87.50
2188,5,1,46.77,46.77
2189,12,2,75.55,151.10
2190,1,1,2.25,2.25
2191,12,1,75.55,75.55
2192,10,2,230.99,461.98
2192,9,1,42.99,42.99
2193,12,1,75.55,75.55
2194,11,1,87.50,87.50
2195,10,1,230.99,230.99
2196,3,1,735.60,735.60
2197,8,1,112.40,112.40
2198,7,1,841.35,841.35
2198,12,2,75.55,151.10
2199,13,1,915.50,915.50
2200,11,1,87.50,87.50
2201,3,1,735.60,735.60
2201,10,1,230.99,230.99
2202,13,1,915.50,915.50
2203,7,1,841.35,841.35
2204,10,2,230.99,461.98
2205,5,1,46.77,46.77
2206,5,1,46.77,46.77
2206,8,1,112.40,112.40
2207,6,1,22.88,22.88
2207,6,1,22.88,22.88
2208,13,1,915.50,915.50
2209,2,1,99.99,99.99
2210,13,1,915.50,915.50
2211,1,1,2.25,2.25
2212,9,2,42.99,85.98
2212,6,2,22.88,45.76
2213,7,1,841.35,841.35
2214,1,1,2.25,2.25
2215,10,1,230.99,230.99
2216,10,1,230.99,230.99
2217,4,1,480.35,480.35
2218,10,1,230.99,230.99
2219,11,1,87.50,87.50
2219,10,1,230.99,230.99
2220,1,1,2.25,2.25
2221,7,1,841.35,841.35
2222,1,1,2.25,2.25
2223,13,1,915.50,915.50
2224,2,1,99.99,99.99
2225,7,1,841.35,841.35
2226,9,1,42.99,42.99
2227,7,1,841.35,841.35
2228,5,1,46.77,46.77
2229,3,1,735.60,735.60
2230,13,1,915.50,915.50
2231,4,1,480.35,480.35
2232,12,1,75.55,75.55
2233,2,1,99.99,99.99
2234,1,1,2.25,2.25
2235,2,2,99.99,199.98
2236,7,1,841.35,841.35
2236,4,1,480.35,480.35
2236,8,1,112.40,112.40
2237,2,1,99.99,99.99
2238,8,1,112.40,112.40
2239,3,1,735.60,735.60
2240,12,1,75.55,75.55
2241,3,1,735.60,735.60
2242,13,2,915.50,1831.00
2243,2,1,99.99,99.99
2244,4,1,480.35,480.35
2244,5,1,46.77,46.77
2245,7,1,841.35,841.35
2245,10,1,230.99,230.99
2246,3,1,735.60,735.60
2247,8,1,112.40,112.40
2248,3,1,735.60,735.60
2249,11,1,87.50,87.50
2250,8,1,112.40,112.40
2251,4,1,480.35,480.35
2252,12,2,75.55,151.10
2253,5,1,46.77,46.77
2254,1,1,2.25,2.25
2255,12,1,75.55,75.55
2255,7,1,841.35,841.35
2256,6,1,22.88,22.88
2257,8,1,112.40,112.40
2258,3,1,735.60,735.60
2259,2,1,99.99,99.99
2260,8,1,112.40,112.40
2261,7,1,841.35,841.35
2262,10,1,230.99,230.99
2262,3,1,735.60,735.60
2262,12,1,75.55,75.55
2263,10,1,230.99,230.99
2264,10,1,230.99,230.99
2265,6,1,22.88,22.88
2265,12,1,75.55,75.55
2266,12,1,75.55,75.55
2267,6,1,22.88,22.88
2268,4,1,480.35,480.35
2269,13,1,915.50,915.50
2270,1,1,2.25,2.25
2271,5,1,46.77,46.77
2272,3,1,735.60,735.60
2273,4,1,480.35,480.35
2274,12,1,75.55,75.55
2275,3,1,735.60,735.60
2276,13,1,915.50,915.50
2277,2,1,99.99,99.99
2278,8,1,112.40,112.40
2279,1,1,2.25,2.25
2280,9,1,42.99,42.99
2281,6,1,22.88,22.88
2282,9,1,42.99,42.99
2283,2,1,99.99,99.99
2284,4,1,480.35,480.35
2285,12,1,75.55,75.55
2285,3,1,735.60,735.60
2286,11,1,87.50,87.50
2287,8,1,112.40,112.40
2288,10,1,230.99,230.99
2289,13,1,915.50,915.50
2290,5,1,46.77,46.77
2291,8,1,112.40,112.40
2292,5,1,46.77,46.77
2293,3,1,735.60,735.60
2294,3,1,735.60,735.60
2295,12,1,75.55,75.55
2295,12,1,75.55,75.55
2296,2,1,99.99,99.99
2297,12,1,75.55,75.55
2298,8,1,112.40,112.40
2299,13,1,915.50,915.50
2300,2,1,99.99,99.99
2301,10,2,230.99,461.98
2302,2,1,99.99,99.99
2303,5,1,46.77,46.77
2304,6,1,22.88,22.88
2305,2,1,99.99,99.99
2306,13,2,915.50,1831.00
2307,11,1,87.50,87.50
2308,12,1,75.55,75.55
2309,9,1,42.99,42.99
2310,11,1,87.50,87.50
2311,8,1,112.40,112.40
2312,7,1,841.35,841.35
2313,2,1,99.99,99.99
2314,4,1,480.35,480.35
2315,12,2,75.55,151.10
2316,10,1,230.99,230.99
2317,1,1,2.25,2.25
2318,3,1,735.60,735.60
2319,10,1,230.99,230.99
2320,7,1,841.35,841.35
2321,3,1,735.60,735.60
2322,3,1,735.60,735.60
2323,10,1,230.99,230.99
2324,10,1,230.99,230.99
2325,5,1,46.77,46.77
2326,4,1,480.35,480.35
2327,4,1,480.35,480.35
2327,8,1,112.40,112.40
2328,5,2,46.77,93.54
2329,10,1,230.99,230.99
2329,3,1,735.60,735.60
2330,3,2,735.60,1471.20
2331,13,1,915.50,915.50
2331,12,1,75.55,75.55
2332,6,1,22.88,22.88
2333,5,1,46.77,46.77
2334,6,1,22.88,22.88
2335,8,1,112.40,112.40
2336,7,1,841.35,841.35
2337,2,1,99.99,99.99
2338,8,1,112.40,112.40
2338,3,2,735.60,1471.20
2339,13,1,915.50,915.50
2340,12,1,75.55,75.55
2341,13,1,915.50,915.50
2342,1,1,2.25,2.25
2343,13,1,915.50,915.50
2344,12,1,75.55,75.55
2345,12,1,75.55,75.55
2346,10,1,230.99,230.99
2347,13,1,915.50,915.50
2348,10,1,230.99,230.99
2349,10,1,230.99,230.99
2350,3,1,735.60,735.60
2351,5,1,46.77,46.77
2351,10,1,230.99,230.99
2352,3,1,735.60,735.60
2353,10,1,230.99,230.99
2354,1,1,2.25,2.25
2355,11,1,87.50,87.50
2356,4,1,480.35,480.35
2357,1,1,2.25,2.25
2358,3,1,735.60,735.60
2359,5,1,46.77,46.77
2360,5,1,46.77,46.77
2361,11,1,87.50,87.50
2362,2,1,99.99,99.99
2363,1,1,2.25,2.25
2364,2,1,99.99,99.99
2364,1,1,2.25,2.25
2365,9,1,42.99,42.99
2366,13,1,915.50,915.50
2366,5,1,46.77,46.77
2366,9,1,42.99,42.99
2367,3,1,735.60,735.60
2368,7,1,841.35,841.35
2369,9,1,42.99,42.99
2370,11,1,87.50,87.50
2370,5,1,46.77,46.77
2371,11,1,87.50,87.50
2372,3,1,735.60,735.60
2372,7,1,841.35,841.35
2373,1,1,2.25,2.25
2373,7,1,841.35,841.35
2374,1,1,2.25,2.25
2375,6,1,22.88,22.88
2376,4,1,480.35,480.35
2377,8,1,112.40,112.40
2378,6,1,22.88,22.88
2379,3,1,735.60,735.60
2379,4,1,480.35,480.35
2380,11,1,87.50,87.50
2380,2,1,99.99,99.99
2381,8,1,112.40,112.40
2382,10,1,230.99,230.99
2383,3,1,735.60,735.60
2384,6,1,22.88,22.88
2385,4,1,480.35,480.35
2386,8,1,112.40,112.40
2387,5,2,46.77,93.54
2388,4,1,480.35,480.35
2389,2,1,99.99,99.99
2389,13,1,915.50,915.50
2390,3,1,735.60,735.60
2391,8,1,112.40,112.40
2392,11,1,87.50,87.50
2393,6,2,22.88,45.76
2394,3,1,735.60,735.60
2395,13,1,915.50,915.50
2396,6,1,22.88,22.88
2397,6,1,22.88,22.88
2398,13,1,915.50,915.50
2399,4,1,480.35,480.35
2400,4,1,480.35,480.35
